<?xml version="1.0" encoding="UTF-8"?>
<!--
	This is a sample dictionary source file.
	It can be built using Dictionary Development Kit.
-->
<d:dictionary xmlns="http://www.w3.org/1999/xhtml" xmlns:d="http://www.apple.com/DTDs/DictionaryService-1.0.rng">
<d:entry id="dictionary_application" d:title="Dictionary application">
	<d:index d:value="Dictionary application"/>
	<div d:priority="2"><h1>Dictionary application </h1></div>
	<p>
		An application to look up dictionary on Mac OS X.<br/>
		It's application icon looks like below.
	</p>
	<img src="Images/dictionary.png" alt="Dictionary.app Icon"/>
</d:entry>
<d:entry id="make_1" d:title="make">
	<d:index d:value="make"/>
	<d:index d:value="makes"/>
	<d:index d:value="made" d:title="made (make)"/>
	<d:index d:value="making" d:priority="2"/>
	<d:index d:value="make it" d:title="make it" d:parental-control="1" d:anchor="xpointer(//*[@id='make_it'])"/>
	<div d:priority="2"><h1>make</h1></div><span class="syntax"><span d:pr="US">| māk |</span></span>
	<div>
		<ol>
			<li>
				Form by putting parts together or combining substances; construct; create; produce 
				<span d:priority="2"> : <i>Mother made her a beautiful dress</i>
				</span>
				.
			</li>
			<li>
				Cause to be or become
				<span d:priority="2"> : <i>The news made me happy</i>
				</span>
				.
			</li>
		</ol>
	</div>
	<div d:parental-control="1" d:priority="2">
		<h3>PHRASES</h3>
		<div id="make_it"><b>make it</b> : succeed in something; survive.</div>
		<h4><a href="x-dictionary:r:make_up_ones_mind"><b>make up one's mind</b></a></h4>
	</div>
</d:entry>
<d:entry id="make_up_ones_mind" d:title="make up one's mind" d:parental-control="1">
	<d:index d:value="make up one's mind"/>
	<div d:priority="2"><h1>make up one's mind</h1></div>
	<ul>
		<li>
		make a decision.
		</li>
	</ul>
</d:entry>
</d:dictionary>
